"CITATIONS","TECTONIC SETTING","LOCATION","LOCATION COMMENT","LATITUDE MIN","LATITUDE MAX","LONGITUDE MIN","LONGITUDE MAX","LAND OR SEA","ELEVATION MIN","ELEVATION MAX","SAMPLE NAME","ROCK NAME","MIN. AGE (YRS.)","MAX. AGE (YRS.)","GEOL.","AGE","ERUPTION DAY","ERUPTION MONTH","ERUPTION YEAR","ROCK TEXTURE","ROCK TYPE","DRILL DEPTH MIN","DRILL DEPTHAX","ALTERATION","MINERAL","MATERIAL","SIO2(WT%)","TIO2(WT%)","B2O3(WT%)","AL2O3(WT%)","CR2O3(WT%)","FE2O3(WT%)","FEO(WT%)","FEOT(WT%)","CAO(WT%)","MGO(WT%)","MNO(WT%)","NIO(WT%)","K2O(WT%)","NA2O(WT%)","P2O5(WT%)","H2O(WT%)","H2OP(WT%)","H2OM(WT%)","H2OT(WT%)","CO2(WT%)","CO1(WT%)","F(WT%)","CL(WT%)","CL2(WT%)","OH(WT%)","CH4(WT%)","SO2(WT%)","SO3(WT%)","SO4(WT%)","S(WT%)","LOI(WT%)","VOLATILES(WT%)","O(WT%)","OTHERS(WT%)","HE(CCM/G)","HE(CCMSTP/G)","HE3(CCMSTP/G)","HE3(AT/G)","HE4(CCM/G)","HE4(CCMSTP/G)","HE4(AT/G)","HE4(MOLE/G)","HE4(NCC/G)","HE(NCC/G)","LI(PPM)","BE(PPM)","B(PPM)","C(PPM)","CO2(PPM)","F(PPM)","NA(PPM)","MG(PPM)","AL(PPM)","P(PPM)","S(PPM)","CL(PPM)","K(PPM)","CA(PPM)","SC(PPM)","TI(PPM)","V(PPM)","CR(PPM)","MN(PPM)","FE(PPM)","CO(PPM)","NI(PPM)","CU(PPM)","ZN(PPM)","GA(PPM)","GE(PPM)","AS(PPM)","SE(PPM)","BR(PPM)","RB(PPM)","SR(PPM)","Y(PPM)","ZR(PPM)","NB(PPM)","MO(PPM)","RU(PPM)","RH(PPM)","PD(PPM)","AG(PPM)","CD(PPM)","IN(PPM)","SN(PPM)","SB(PPM)","TE(PPM)","I(PPM)","CS(PPM)","BA(PPM)","LA(PPM)","CE(PPM)","PR(PPM)","ND(PPM)","SM(PPM)","EU(PPM)","GD(PPM)","TB(PPM)","DY(PPM)","HO(PPM)","ER(PPM)","TM(PPM)","YB(PPM)","LU(PPM)","HF(PPM)","TA(PPM)","W(PPM)","RE(PPM)","OS(PPM)","IR(PPM)","PT(PPM)","AU(PPM)","HG(PPM)","TL(PPM)","PB(PPM)","BI(PPM)","TH(PPM)","U(PPM)","ND143_ND144","ND143_ND144_INI","EPSILON_ND","SR87_SR86","SR87_SR86_INI","PB206_PB204","PB206_PB204_INI","PB207_PB204","PB207_PB204_INI","PB208_PB204","PB208_PB204_INI","OS184_OS188","OS186_OS188","OS187_OS186","OS187_OS188","RE187_OS186","RE187_OS188","HF176_HF177","HE3_HE4","HE3_HE4(R/R(A))","HE4_HE3","HE4_HE3(R/R(A))","K40_AR40","AR40_K40","UNIQUE_ID","[22775]","INTRAPLATE VOLCANICS","LIMPOPO BELT / LIMPOPO BELT_PROTEROZOIC / MAHALAPYE COMPLEX","","-22","-22","30","30","SAE","","","s_MCNS2 [22775]","NORITE [22775]","","","PALEO [22775]","PROTEROZOIC [22775]","","","","","PLU","","","","","WR [22775] ","56.17","0.77","","19.39","0.025","","","7.08","6.03","3.63","0.1","","1.92","3.4","0.08","","","","","","","","","","","","","","","","0.4","","","","","","","","","","","","","","","","","","","","","","","","","","","","21","","95","","","","21.6","41","","","21.6","","","","","122.9","275.2","13.2","130.4","6.7","","","","","","","","","","","","4","452","24.9","47.8","5.31","19.6","3.61","1.18","2.99","0.41","2.52","0.5","1.49","0.22","1.47","0.22","3.9","0.4","","","","","","","","","","","7.1","1.6","","","","","","","","","","","","","","","","","","","","","","","","","1496613","[22775]","INTRAPLATE VOLCANICS","LIMPOPO BELT / LIMPOPO BELT_PROTEROZOIC / MAHALAPYE COMPLEX","","-22","-22","30","30","SAE","","","s_MCND4 [22775]","NORITE [22775]","","","PALEO [22775]","PROTEROZOIC [22775]","","","","","PLU","","","","","WR [22775] ","56.88","0.75","","19.2","0.025","","","6.78","5.92","3.42","0.1","","1.85","3.54","0.09","","","","","","","","","","","","","","","","0.5","","","","","","","","","","","","","","","","","","","","","","","","","","","","20","","96","","","","20.5","38","","","19.9","","","","","122.8","245.8","12.2","121.9","6.4","","","","","","","","","","","","3.4","393","26.2","50.1","5.75","21.1","4","1.17","3.17","0.44","2.61","0.48","1.37","0.2","1.33","0.21","3.6","0.4","","","","","","","","","","","8.6","1.6","","","","","","","","","","","","","","","","","","","","","","","","","1496614",
Abbreviations: MET: METAMORPHIC ROCK; PEG: PEGMATITE; PER: MANTLE XENOLITH; PLU: PLUTONIC ROCK; SED: SEDIMENTARY ROCK; VOL: VOLCANIC ROCK; VEIN: VEIN; ORE: ORE; WR: WHOLE ROCK; GL: VOLCANIC GLASS; MIN: MINERAL / COMPONENT (INCL. GROUNDMASS); INC: INCLUSION; LEACH: LEACH; SAE: SUBAERIAL; SAQ: SUBAQUATIC; F: FRESH; E: EXTENSIVELY ALTERED; M: MODERATELY ALTERED; S: SLIGHTLY ALTERED; T: ALMOST TOTALLY ALTERED; 

References:


"[22775] RAJESH H. M.:    NORITE FROM THE MAHALAPYE GRANITOID COMPLEX, NORTHERN EDGE OF KAAPVAAL CRATON: IMPLICATIONS FOR THE EXTENT OF THE PALEOPROTEROZOIC BUSHVELD LIP  PREC. RESEARCH 324   [2019] 146-154    doi: 10.1016/j.precamres.2019.02.002"
