"CITATIONS","TECTONIC SETTING","LOCATION","LOCATION COMMENT","LATITUDE MIN","LATITUDE MAX","LONGITUDE MIN","LONGITUDE MAX","LAND OR SEA","ELEVATION MIN","ELEVATION MAX","SAMPLE NAME","ROCK NAME","MIN. AGE (YRS.)","MAX. AGE (YRS.)","GEOL.","AGE","ERUPTION DAY","ERUPTION MONTH","ERUPTION YEAR","ROCK TEXTURE","ROCK TYPE","DRILL DEPTH MIN","DRILL DEPTHAX","ALTERATION","MINERAL","MATERIAL","SIO2(WT%)","TIO2(WT%)","B2O3(WT%)","AL2O3(WT%)","CR2O3(WT%)","FE2O3(WT%)","FEO(WT%)","FEOT(WT%)","CAO(WT%)","MGO(WT%)","MNO(WT%)","NIO(WT%)","K2O(WT%)","NA2O(WT%)","P2O5(WT%)","H2O(WT%)","H2OP(WT%)","H2OM(WT%)","H2OT(WT%)","CO2(WT%)","CO1(WT%)","F(WT%)","CL(WT%)","CL2(WT%)","OH(WT%)","CH4(WT%)","SO2(WT%)","SO3(WT%)","SO4(WT%)","S(WT%)","LOI(WT%)","VOLATILES(WT%)","O(WT%)","OTHERS(WT%)","HE(CCM/G)","HE(CCMSTP/G)","HE3(CCMSTP/G)","HE3(AT/G)","HE4(CCM/G)","HE4(CCMSTP/G)","HE4(AT/G)","HE4(MOLE/G)","HE4(NCC/G)","HE(NCC/G)","LI(PPM)","BE(PPM)","B(PPM)","C(PPM)","CO2(PPM)","F(PPM)","NA(PPM)","MG(PPM)","AL(PPM)","P(PPM)","S(PPM)","CL(PPM)","K(PPM)","CA(PPM)","SC(PPM)","TI(PPM)","V(PPM)","CR(PPM)","MN(PPM)","FE(PPM)","CO(PPM)","NI(PPM)","CU(PPM)","ZN(PPM)","GA(PPM)","GE(PPM)","AS(PPM)","SE(PPM)","BR(PPM)","RB(PPM)","SR(PPM)","Y(PPM)","ZR(PPM)","NB(PPM)","MO(PPM)","RU(PPM)","RH(PPM)","PD(PPM)","AG(PPM)","CD(PPM)","IN(PPM)","SN(PPM)","SB(PPM)","TE(PPM)","I(PPM)","CS(PPM)","BA(PPM)","LA(PPM)","CE(PPM)","PR(PPM)","ND(PPM)","SM(PPM)","EU(PPM)","GD(PPM)","TB(PPM)","DY(PPM)","HO(PPM)","ER(PPM)","TM(PPM)","YB(PPM)","LU(PPM)","HF(PPM)","TA(PPM)","W(PPM)","RE(PPM)","OS(PPM)","IR(PPM)","PT(PPM)","AU(PPM)","HG(PPM)","TL(PPM)","PB(PPM)","BI(PPM)","TH(PPM)","U(PPM)","ND143_ND144","ND143_ND144_INI","EPSILON_ND","SR87_SR86","SR87_SR86_INI","PB206_PB204","PB206_PB204_INI","PB207_PB204","PB207_PB204_INI","PB208_PB204","PB208_PB204_INI","OS184_OS188","OS186_OS188","OS187_OS186","OS187_OS188","RE187_OS186","RE187_OS188","HF176_HF177","HE3_HE4","HE3_HE4(R/R(A))","HE4_HE3","HE4_HE3(R/R(A))","K40_AR40","AR40_K40","UNIQUE_ID","[23417]","INTRAPLATE VOLCANICS","MADAGASCAR - PALEOZOIC / WESTERN MADAGASCAR / ANTANANARIVO DOMAIN / MAEVARANO SUITE","","-19.3691","-19.3691","47.4572","47.4572","SAE","","","s_DA13-004 [23417]","GRANITE [23417]","","","","CAMBRIAN [23417]","","","","FINE-GRAINED [23417] ","PLU","","","","","WR [23417] ","70.26","0.36","","14.75","","","","2.42","1.06","0.48","0.01","","5.61","3.63","0.11","","","","","","","","","","","","","","","","0.6","","","","","","","","","","","","","","","0","","","","","","","","","","","","","0","","19","","","","45","2","21","37","17","","","","","181","529","7","458","5","0","","","","","","","0","","","","1","1805","196.1","332.8","29.1","86.2","9.2","1.4","5.1","0.4","1.7","0.2","0.6","0.1","0.5","0.1","11","0","297","","","","","","","","6","","78","1","","","","","","","","","","","","","","","","","","","","","","","","","1665101","[23417]","INTRAPLATE VOLCANICS","MADAGASCAR - PALEOZOIC / WESTERN MADAGASCAR / ANTANANARIVO DOMAIN / MAEVARANO SUITE","","-20.5078","-20.5078","47.2487","47.2487","SAE","","","s_DA13-006 [23417]","GRANODIORITE [23417]","","","","CAMBRIAN [23417]","","","","MEDIUM- TO COARSE-GRAINED [23417] ","PLU","","","","","WR [23417] ","64.35","1.14","","14.52","","","","5.11","3.1","1.26","0.07","","5.04","3.03","0.42","","","","","","","","","","","","","","","","0.8","","","","","","","","","","","","","","","2","","","","","","","","","","","","","9","","59","","","","40","6","14","98","22","","","","","214","550","32","831","35","1","","","","","","","4","","","","2","2031","148","288.8","30.5","104.5","15.5","2.8","11","1.4","6.9","1.1","2.7","0.4","2.3","0.3","18","2","237","","","","","","","","9","","28","3","","","","","","","","","","","","","","","","","","","","","","","","","1665102","[23417]","INTRAPLATE VOLCANICS","MADAGASCAR - PALEOZOIC / WESTERN MADAGASCAR / ANTANANARIVO DOMAIN / MAEVARANO SUITE","","-19.3691","-19.3691","47.4572","47.4572","SAE","","","s_DA14-304 [23417]","GRANITE [23417]","","","","CAMBRIAN [23417]","","","","FINE-GRAINED [23417] ","PLU","","","","","WR [23417] ","70.16","0.37","","14.58","","","","2.46","1.03","0.48","0.01","","5.58","3.63","0.11","","","","","","","","","","","","","","","","0.8","","","","","","","","","","","","","","","3","","","","","","","","","","","","","0","","18","","","","42","2","19","35","16","","","","","170","518","7","441","5","0","","","","","","","0","","","","1","1869","188.6","322.9","28.9","84.5","9.5","1.4","4.8","0.4","1.5","0.2","0.6","0.1","0.5","0.1","11","0","309","","","","","","","","6","","76","1","","","","","","","","","","","","","","","","","","","","","","","","","1665103",
Abbreviations: MET: METAMORPHIC ROCK; PEG: PEGMATITE; PER: MANTLE XENOLITH; PLU: PLUTONIC ROCK; SED: SEDIMENTARY ROCK; VOL: VOLCANIC ROCK; VEIN: VEIN; ORE: ORE; WR: WHOLE ROCK; GL: VOLCANIC GLASS; MIN: MINERAL / COMPONENT (INCL. GROUNDMASS); INC: INCLUSION; LEACH: LEACH; SAE: SUBAERIAL; SAQ: SUBAQUATIC; F: FRESH; E: EXTENSIVELY ALTERED; M: MODERATELY ALTERED; S: SLIGHTLY ALTERED; T: ALMOST TOTALLY ALTERED; 

References:


"[23417] ARCHIBALD D. B., COLLINS A. S., FODEN J. D., PAYNE J. L., HOLDEN P., RAZAKAMANANA T.:    LATE SYN- TO POST-COLLISIONAL MAGMATISM IN MADAGASCAR: THE GENESIS OF THE AMBALAVAO AND MAEVARANO SUITES  GEOSCIENCE FRONTIERS 10   [2019] 2063-2084    doi: 10.1016/j.gsf.2018.07.007"
