"CITATIONS","TECTONIC SETTING","LOCATION","LOCATION COMMENT","LATITUDE MIN","LATITUDE MAX","LONGITUDE MIN","LONGITUDE MAX","LAND OR SEA","ELEVATION MIN","ELEVATION MAX","SAMPLE NAME","ROCK NAME","MIN. AGE (YRS.)","MAX. AGE (YRS.)","GEOL.","AGE","ERUPTION DAY","ERUPTION MONTH","ERUPTION YEAR","ROCK TEXTURE","ROCK TYPE","DRILL DEPTH MIN","DRILL DEPTHAX","ALTERATION","MINERAL","MATERIAL","SIO2(WT%)","TIO2(WT%)","B2O3(WT%)","AL2O3(WT%)","CR2O3(WT%)","FE2O3(WT%)","FEO(WT%)","FEOT(WT%)","CAO(WT%)","MGO(WT%)","MNO(WT%)","NIO(WT%)","K2O(WT%)","NA2O(WT%)","P2O5(WT%)","H2O(WT%)","H2OP(WT%)","H2OM(WT%)","H2OT(WT%)","CO2(WT%)","CO1(WT%)","F(WT%)","CL(WT%)","CL2(WT%)","OH(WT%)","CH4(WT%)","SO2(WT%)","SO3(WT%)","SO4(WT%)","S(WT%)","LOI(WT%)","VOLATILES(WT%)","O(WT%)","OTHERS(WT%)","HE(CCM/G)","HE(CCMSTP/G)","HE3(CCMSTP/G)","HE3(AT/G)","HE4(CCM/G)","HE4(CCMSTP/G)","HE4(AT/G)","HE4(MOLE/G)","HE4(NCC/G)","HE(NCC/G)","LI(PPM)","BE(PPM)","B(PPM)","C(PPM)","CO2(PPM)","F(PPM)","NA(PPM)","MG(PPM)","AL(PPM)","P(PPM)","S(PPM)","CL(PPM)","K(PPM)","CA(PPM)","SC(PPM)","TI(PPM)","V(PPM)","CR(PPM)","MN(PPM)","FE(PPM)","CO(PPM)","NI(PPM)","CU(PPM)","ZN(PPM)","GA(PPM)","GE(PPM)","AS(PPM)","SE(PPM)","BR(PPM)","RB(PPM)","SR(PPM)","Y(PPM)","ZR(PPM)","NB(PPM)","MO(PPM)","RU(PPM)","RH(PPM)","PD(PPM)","AG(PPM)","CD(PPM)","IN(PPM)","SN(PPM)","SB(PPM)","TE(PPM)","I(PPM)","CS(PPM)","BA(PPM)","LA(PPM)","CE(PPM)","PR(PPM)","ND(PPM)","SM(PPM)","EU(PPM)","GD(PPM)","TB(PPM)","DY(PPM)","HO(PPM)","ER(PPM)","TM(PPM)","YB(PPM)","LU(PPM)","HF(PPM)","TA(PPM)","W(PPM)","RE(PPM)","OS(PPM)","IR(PPM)","PT(PPM)","AU(PPM)","HG(PPM)","TL(PPM)","PB(PPM)","BI(PPM)","TH(PPM)","U(PPM)","ND143_ND144","ND143_ND144_INI","EPSILON_ND","SR87_SR86","SR87_SR86_INI","PB206_PB204","PB206_PB204_INI","PB207_PB204","PB207_PB204_INI","PB208_PB204","PB208_PB204_INI","OS184_OS188","OS186_OS188","OS187_OS186","OS187_OS188","RE187_OS186","RE187_OS188","HF176_HF177","HE3_HE4","HE3_HE4(R/R(A))","HE4_HE3","HE4_HE3(R/R(A))","K40_AR40","AR40_K40","UNIQUE_ID","[21007]","INTRAPLATE VOLCANICS","UKRAINIAN SHIELD_PALEOZOIC / DNIEPER-DONETS TROUGH / AZOV BLOCK","","47","47","36","36","SAE","","","s_AZ-1 [21007]","BASALT [21007]","","","","PALEOZOIC [21007]","","","","","VOL","","","","","WR [21007] ","52.81","2.57","","11.17","","","","12.48","7.63","4.48","0.15","","1.2","3.28","0.18","","","","","","","","","","","","","","","","2.68","","","","","","","","","","","","","","","","","","","","","","","","","","","","","","375","","","","38.1","13","143","93","","","","","","49.7","340","34","169","10.4","","","","","","","","","","","","","241","15.7","38","5.2","23.8","5.8","1.8","6.6","1.1","6.4","1.3","3.6","0.52","3.2","0.46","4.8","0.7","","","","","","","","","","","","","","","","","","","","","","","","","","","","","","","","","","","","","1166685","[21007]","INTRAPLATE VOLCANICS","UKRAINIAN SHIELD_PALEOZOIC / DNIEPER-DONETS TROUGH / AZOV BLOCK","","47","47","36","36","SAE","","","s_AZ3 [21007]","BASALT [21007]","","","","PALEOZOIC [21007]","","","","","VOL","","","","","WR [21007] ","46.4","2.54","","16.37","","","","11.95","7.53","4.21","0.172","","1.86","3.3","0.32","","","","","","","","","","","","","","","","3.54","","","","","","","","","","","","","","","","","","","","","","","","","","","","","","","","","","","","","","","","","","","","","","","","","","","","","","","","","","","","","","","","","","","","","","","","","","","","","","","","","","","","","","","","","","","","","","","","","","","","","","","","","","","","","","","","","1166687","[21007]","INTRAPLATE VOLCANICS","UKRAINIAN SHIELD_PALEOZOIC / DNIEPER-DONETS TROUGH / AZOV BLOCK","","47","47","36","36","SAE","","","s_463.2 [21007]","BASALT [21007]","","","","PALEOZOIC [21007]","","","","","VOL","","","","","WR [21007] ","48.92","3.29","","12.35","","","","14.56","2.83","3.99","0.46","","1.6","2.86","0.14","","","","","","","","","","","","","","","","6.5","","","","","","","","","","","","","","21","1","","","","","","","","","","","","","32.4","","442","44.6","","","61.7","20.7","104","154","","","","","","92.6","399","29.3","186","8.1","","","","","","","","","","","","","733","13.8","35.5","4.8","23.2","6","2.1","6.6","1.1","6.4","1.3","3.6","0.49","3.1","0.44","4.3","0.6","","","","","","","","","8.6","","1.78","0.73","","","","","","","","","","","","","","","","","","","","","","","","","1166689",
Abbreviations: MET: METAMORPHIC ROCK; PEG: PEGMATITE; PER: MANTLE XENOLITH; PLU: PLUTONIC ROCK; SED: SEDIMENTARY ROCK; VOL: VOLCANIC ROCK; VEIN: VEIN; ORE: ORE; WR: WHOLE ROCK; GL: VOLCANIC GLASS; MIN: MINERAL / COMPONENT (INCL. GROUNDMASS); INC: INCLUSION; LEACH: LEACH; SAE: SUBAERIAL; SAQ: SUBAQUATIC; F: FRESH; E: EXTENSIVELY ALTERED; M: MODERATELY ALTERED; S: SLIGHTLY ALTERED; T: ALMOST TOTALLY ALTERED; 

References:


"[21007] YUTKINA E. V., NOSOVA A. A., SAZONOVA L. V., LARIONOVA YU. O., KONDRASHOV I. A., SHUMLYANSKYY L., ALBEKOV A. YU., SAVKO K. A.:    DEVONIAN VOLCANICS IN THE VORONEZH CRYSTALLINE MASSIF, EAST EUROPEAN PLATFORM: EVOLUTION OF THE MELTS AND CHARACTERISTICS OF CRUSTAL CONTAMINATION  PETROLOGY 25   [2017] 241-271    doi: 10.1134/S0869591117020060"
