"CITATIONS","TECTONIC SETTING","LOCATION","LOCATION COMMENT","LATITUDE MIN","LATITUDE MAX","LONGITUDE MIN","LONGITUDE MAX","LAND OR SEA","ELEVATION MIN","ELEVATION MAX","SAMPLE NAME","ROCK NAME","MIN. AGE (YRS.)","MAX. AGE (YRS.)","GEOL.","AGE","ERUPTION DAY","ERUPTION MONTH","ERUPTION YEAR","ROCK TEXTURE","ROCK TYPE","DRILL DEPTH MIN","DRILL DEPTHAX","ALTERATION","MINERAL","MATERIAL","SIO2(WT%)","TIO2(WT%)","B2O3(WT%)","AL2O3(WT%)","CR2O3(WT%)","FE2O3(WT%)","FEO(WT%)","FEOT(WT%)","CAO(WT%)","MGO(WT%)","MNO(WT%)","NIO(WT%)","K2O(WT%)","NA2O(WT%)","P2O5(WT%)","H2O(WT%)","H2OP(WT%)","H2OM(WT%)","H2OT(WT%)","CO2(WT%)","CO1(WT%)","F(WT%)","CL(WT%)","CL2(WT%)","OH(WT%)","CH4(WT%)","SO2(WT%)","SO3(WT%)","SO4(WT%)","S(WT%)","LOI(WT%)","VOLATILES(WT%)","O(WT%)","OTHERS(WT%)","HE(CCM/G)","HE(CCMSTP/G)","HE3(CCMSTP/G)","HE3(AT/G)","HE4(CCM/G)","HE4(CCMSTP/G)","HE4(AT/G)","HE4(MOLE/G)","HE4(NCC/G)","HE(NCC/G)","LI(PPM)","BE(PPM)","B(PPM)","C(PPM)","CO2(PPM)","F(PPM)","NA(PPM)","MG(PPM)","AL(PPM)","P(PPM)","S(PPM)","CL(PPM)","K(PPM)","CA(PPM)","SC(PPM)","TI(PPM)","V(PPM)","CR(PPM)","MN(PPM)","FE(PPM)","CO(PPM)","NI(PPM)","CU(PPM)","ZN(PPM)","GA(PPM)","GE(PPM)","AS(PPM)","SE(PPM)","BR(PPM)","RB(PPM)","SR(PPM)","Y(PPM)","ZR(PPM)","NB(PPM)","MO(PPM)","RU(PPM)","RH(PPM)","PD(PPM)","AG(PPM)","CD(PPM)","IN(PPM)","SN(PPM)","SB(PPM)","TE(PPM)","I(PPM)","CS(PPM)","BA(PPM)","LA(PPM)","CE(PPM)","PR(PPM)","ND(PPM)","SM(PPM)","EU(PPM)","GD(PPM)","TB(PPM)","DY(PPM)","HO(PPM)","ER(PPM)","TM(PPM)","YB(PPM)","LU(PPM)","HF(PPM)","TA(PPM)","W(PPM)","RE(PPM)","OS(PPM)","IR(PPM)","PT(PPM)","AU(PPM)","HG(PPM)","TL(PPM)","PB(PPM)","BI(PPM)","TH(PPM)","U(PPM)","ND143_ND144","ND143_ND144_INI","EPSILON_ND","SR87_SR86","SR87_SR86_INI","PB206_PB204","PB206_PB204_INI","PB207_PB204","PB207_PB204_INI","PB208_PB204","PB208_PB204_INI","OS184_OS188","OS186_OS188","OS187_OS186","OS187_OS188","RE187_OS186","RE187_OS188","HF176_HF177","HE3_HE4","HE3_HE4(R/R(A))","HE4_HE3","HE4_HE3(R/R(A))","K40_AR40","AR40_K40","UNIQUE_ID","[1585]","SEAMOUNT","CASTOR GUYOT / CASTOR GUYOT","","25.65","25.88","146.73","147.15","SAQ","-1700","-4700","s_12/1 [1585]","PICRITE [1585]","","","","","","","","","VOL","","","","","WR [1585] ","40.9","0.8","","6.8","","5.32","6.37","","5.45","26.2","0.17","","0.23","1.21","0.094","","4.24","1","","0.76","","","","","","","","","","","","","","","","","","","","","","","","","34","","","","","","","","","","","","","","","","","","","","94","1336","67","96","","","","","","9","65","","","","","","","","","","","","","","","","21","","","","","","","","","","","","","","","","","","","","","","","","","","","","","","","","","","","","","","","","","","","","","","","","","","","","","36270","[1585]","SEAMOUNT","CASTOR GUYOT / CASTOR GUYOT","","25.65","25.88","146.73","147.15","SAQ","-1700","-4700","s_12/9 [1585]","BASALT, OLIVINE [1585]","","","","","","","","","VOL","","","","","WR [1585] ","43.2","1.53","","10.5","","8.21","3.64","","7.5","15.5","0.16","","0.49","1.83","0.18","","4.52","2.18","","0.07","","","","","","","","","","","","","","","","","","","","","","","","","74","","","","","","","","","","","","","","","","","","","","67","581","78","96","","","","","","12","120","","","","","","","","","","","","","","","","37","","","","","","","","","","","","","","","","","","","","","","","","","","","","","","","","","","","","","","","","","","","","","","","","","","","","","36271","[1585]","SEAMOUNT","CASTOR GUYOT / CASTOR GUYOT","","25.65","25.88","146.73","147.15","SAQ","-1700","-4700","s_18/5 [1585]","BASALT [1585]","","","","","","","","APHYRIC [1585] ","VOL","","","","","WR [1585] ","46","1.41","","15.05","","8.54","3.25","","8.56","8.21","0.15","","0.84","2.59","0.14","","2.57","2.45","","0.06","","","","","","","","","","","","","","","","","","","","","","","","","79","","","","","","","","","","","","","","","","","","","","68","322","120","257","","","","","","19","154","","","","","","","","","","","","","","","","46","","","","","","","","","","","","","","","","","","","","","","","","","","","","","","","","","","","","","","","","","","","","","","","","","","","","","36272",
Abbreviations: MET: METAMORPHIC ROCK; PEG: PEGMATITE; PER: MANTLE XENOLITH; PLU: PLUTONIC ROCK; SED: SEDIMENTARY ROCK; VOL: VOLCANIC ROCK; VEIN: VEIN; ORE: ORE; WR: WHOLE ROCK; GL: VOLCANIC GLASS; MIN: MINERAL / COMPONENT (INCL. GROUNDMASS); INC: INCLUSION; LEACH: LEACH; SAE: SUBAERIAL; SAQ: SUBAQUATIC; F: FRESH; E: EXTENSIVELY ALTERED; M: MODERATELY ALTERED; S: SLIGHTLY ALTERED; T: ALMOST TOTALLY ALTERED; 

References:


"[1585] DMITRIEV YU. I., GORSHKOV A. I., DMITRIEVA M. T., BEREZOVSKAYA V. V., DOLININA YU. V., KALENCHUK G. E., MURAVITSKAYA G. N.:    CHEMISTRY OF BASALTS, FE-MN NODULES AND CRUSTS FROM SEAMOUNTS IN THE NORTHWESTERN PART OF THE PACIFIC OCEAN  LITHOL. MINERAL RESOURCES 29   [1994] 34-46 "
