"CITATIONS","TECTONIC SETTING","LOCATION","LOCATION COMMENT","LATITUDE MIN","LATITUDE MAX","LONGITUDE MIN","LONGITUDE MAX","LAND OR SEA","ELEVATION MIN","ELEVATION MAX","SAMPLE NAME","ROCK NAME","MIN. AGE (YRS.)","MAX. AGE (YRS.)","GEOL.","AGE","ERUPTION DAY","ERUPTION MONTH","ERUPTION YEAR","ROCK TEXTURE","ROCK TYPE","DRILL DEPTH MIN","DRILL DEPTHAX","ALTERATION","MINERAL","MATERIAL","SIO2(WT%)","TIO2(WT%)","B2O3(WT%)","AL2O3(WT%)","CR2O3(WT%)","FE2O3(WT%)","FEO(WT%)","FEOT(WT%)","CAO(WT%)","MGO(WT%)","MNO(WT%)","NIO(WT%)","K2O(WT%)","NA2O(WT%)","P2O5(WT%)","H2O(WT%)","H2OP(WT%)","H2OM(WT%)","H2OT(WT%)","CO2(WT%)","CO1(WT%)","F(WT%)","CL(WT%)","CL2(WT%)","OH(WT%)","CH4(WT%)","SO2(WT%)","SO3(WT%)","SO4(WT%)","S(WT%)","LOI(WT%)","VOLATILES(WT%)","O(WT%)","OTHERS(WT%)","HE(CCM/G)","HE(CCMSTP/G)","HE3(CCMSTP/G)","HE3(AT/G)","HE4(CCM/G)","HE4(CCMSTP/G)","HE4(AT/G)","HE4(MOLE/G)","HE4(NCC/G)","HE(NCC/G)","LI(PPM)","BE(PPM)","B(PPM)","C(PPM)","CO2(PPM)","F(PPM)","NA(PPM)","MG(PPM)","AL(PPM)","P(PPM)","S(PPM)","CL(PPM)","K(PPM)","CA(PPM)","SC(PPM)","TI(PPM)","V(PPM)","CR(PPM)","MN(PPM)","FE(PPM)","CO(PPM)","NI(PPM)","CU(PPM)","ZN(PPM)","GA(PPM)","GE(PPM)","AS(PPM)","SE(PPM)","BR(PPM)","RB(PPM)","SR(PPM)","Y(PPM)","ZR(PPM)","NB(PPM)","MO(PPM)","RU(PPM)","RH(PPM)","PD(PPM)","AG(PPM)","CD(PPM)","IN(PPM)","SN(PPM)","SB(PPM)","TE(PPM)","I(PPM)","CS(PPM)","BA(PPM)","LA(PPM)","CE(PPM)","PR(PPM)","ND(PPM)","SM(PPM)","EU(PPM)","GD(PPM)","TB(PPM)","DY(PPM)","HO(PPM)","ER(PPM)","TM(PPM)","YB(PPM)","LU(PPM)","HF(PPM)","TA(PPM)","W(PPM)","RE(PPM)","OS(PPM)","IR(PPM)","PT(PPM)","AU(PPM)","HG(PPM)","TL(PPM)","PB(PPM)","BI(PPM)","TH(PPM)","U(PPM)","ND143_ND144","ND143_ND144_INI","EPSILON_ND","SR87_SR86","SR87_SR86_INI","PB206_PB204","PB206_PB204_INI","PB207_PB204","PB207_PB204_INI","PB208_PB204","PB208_PB204_INI","OS184_OS188","OS186_OS188","OS187_OS186","OS187_OS188","RE187_OS186","RE187_OS188","HF176_HF177","HE3_HE4","HE3_HE4(R/R(A))","HE4_HE3","HE4_HE3(R/R(A))","K40_AR40","AR40_K40","UNIQUE_ID","[7776]","SEAMOUNT","COIBA RIDGE SEAMOUNTS / UNNAMED SEAMOUNT (COIBA RIDGE SEAMOUNTS) / DREDGE 88","","6.2","6.2","-81.95","-81.95","SAQ","","","s_88-DR-1 [7776]","BASALT, THOLEIITIC [7776]","","","","","","","","","VOL","","","","","WR [7776] ","48.17","3.22","","13.61","","","","12.98","10.42","5.19","0.19","","0.62","2.46","0.44","","","","","","","","","","","","","","","","","","","","","","","","","","","","","","","","","","","","","","","","","","","","40","","422","62.1","","","54.4","57.3","211","136","","","","","","11.8","247","48.4","264","35","","","","","","","","","","","","","139","26.1","58.7","8.08","34.2","8.49","2.47","8.83","1.43","8.49","1.74","4.75","0.67","4.11","0.61","6.22","2.1","","","","","","","","","1.64","","2.55","0.92","","","","","","","","","","","","","","","","","","","","","","","","","297016","[7776]","SEAMOUNT","COIBA RIDGE SEAMOUNTS / UNNAMED SEAMOUNT (COIBA RIDGE SEAMOUNTS) / DREDGE 90","","5.54","5.54","-87.09","-87.09","SAQ","","","s_90-DR-8 [7776]","BASALT, THOLEIITIC [7776]","","","","","","","","","VOL","","","","","WR [7776] ","48.41","2","","15.95","","","","10.47","12.48","5.96","0.17","","0.19","2.1","0.21","","","","","","","","","","","","","","","","","","","","","","","","","","","","","","","","","","","","","","","","","","","","39","","324","114","","","44.2","69","155","93.5","","","","","","1.87","272","30","140","18","","","","","","","","","","","","","58.1","13.5","31","4.36","18.9","4.97","1.66","5.38","0.9","5.35","1.1","2.97","0.42","2.55","0.37","3.47","1.13","","","","","","","","","0.88","","1.27","0.39","","","","","","","","","","","","","","","","","","","","","","","","","297017",
Abbreviations: MET: METAMORPHIC ROCK; PEG: PEGMATITE; PER: MANTLE XENOLITH; PLU: PLUTONIC ROCK; SED: SEDIMENTARY ROCK; VOL: VOLCANIC ROCK; VEIN: VEIN; ORE: ORE; WR: WHOLE ROCK; GL: VOLCANIC GLASS; MIN: MINERAL / COMPONENT (INCL. GROUNDMASS); INC: INCLUSION; LEACH: LEACH; SAE: SUBAERIAL; SAQ: SUBAQUATIC; F: FRESH; E: EXTENSIVELY ALTERED; M: MODERATELY ALTERED; S: SLIGHTLY ALTERED; T: ALMOST TOTALLY ALTERED; 

References:


"[7776] HARPP K. S., WANLESS R. K., OTTO R. H., HOERNLE K. A., WERNER R.:    THE COCOS AND CARNEGIE ASEISMIC RIDGES: A TRACE ELEMENT RECORD OF LONG-TERM PLUME-SPREADING CENTER INTERACTION  J. PETROL. 46   [2005] 109-133    doi: 10.1093/petrology/egh064"
