"CITATIONS","TECTONIC SETTING","LOCATION","LOCATION COMMENT","LATITUDE MIN","LATITUDE MAX","LONGITUDE MIN","LONGITUDE MAX","LAND OR SEA","ELEVATION MIN","ELEVATION MAX","SAMPLE NAME","ROCK NAME","MIN. AGE (YRS.)","MAX. AGE (YRS.)","GEOL.","AGE","ERUPTION DAY","ERUPTION MONTH","ERUPTION YEAR","ROCK TEXTURE","ROCK TYPE","DRILL DEPTH MIN","DRILL DEPTHAX","ALTERATION","MINERAL","MATERIAL","SIO2(WT%)","TIO2(WT%)","B2O3(WT%)","AL2O3(WT%)","CR2O3(WT%)","FE2O3(WT%)","FEO(WT%)","FEOT(WT%)","CAO(WT%)","MGO(WT%)","MNO(WT%)","NIO(WT%)","K2O(WT%)","NA2O(WT%)","P2O5(WT%)","H2O(WT%)","H2OP(WT%)","H2OM(WT%)","H2OT(WT%)","CO2(WT%)","CO1(WT%)","F(WT%)","CL(WT%)","CL2(WT%)","OH(WT%)","CH4(WT%)","SO2(WT%)","SO3(WT%)","SO4(WT%)","S(WT%)","LOI(WT%)","VOLATILES(WT%)","O(WT%)","OTHERS(WT%)","HE(CCM/G)","HE(CCMSTP/G)","HE3(CCMSTP/G)","HE3(AT/G)","HE4(CCM/G)","HE4(CCMSTP/G)","HE4(AT/G)","HE4(MOLE/G)","HE4(NCC/G)","HE(NCC/G)","LI(PPM)","BE(PPM)","B(PPM)","C(PPM)","CO2(PPM)","F(PPM)","NA(PPM)","MG(PPM)","AL(PPM)","P(PPM)","S(PPM)","CL(PPM)","K(PPM)","CA(PPM)","SC(PPM)","TI(PPM)","V(PPM)","CR(PPM)","MN(PPM)","FE(PPM)","CO(PPM)","NI(PPM)","CU(PPM)","ZN(PPM)","GA(PPM)","GE(PPM)","AS(PPM)","SE(PPM)","BR(PPM)","RB(PPM)","SR(PPM)","Y(PPM)","ZR(PPM)","NB(PPM)","MO(PPM)","RU(PPM)","RH(PPM)","PD(PPM)","AG(PPM)","CD(PPM)","IN(PPM)","SN(PPM)","SB(PPM)","TE(PPM)","I(PPM)","CS(PPM)","BA(PPM)","LA(PPM)","CE(PPM)","PR(PPM)","ND(PPM)","SM(PPM)","EU(PPM)","GD(PPM)","TB(PPM)","DY(PPM)","HO(PPM)","ER(PPM)","TM(PPM)","YB(PPM)","LU(PPM)","HF(PPM)","TA(PPM)","W(PPM)","RE(PPM)","OS(PPM)","IR(PPM)","PT(PPM)","AU(PPM)","HG(PPM)","TL(PPM)","PB(PPM)","BI(PPM)","TH(PPM)","U(PPM)","ND143_ND144","ND143_ND144_INI","EPSILON_ND","SR87_SR86","SR87_SR86_INI","PB206_PB204","PB206_PB204_INI","PB207_PB204","PB207_PB204_INI","PB208_PB204","PB208_PB204_INI","OS184_OS188","OS186_OS188","OS187_OS186","OS187_OS188","RE187_OS186","RE187_OS188","HF176_HF177","HE3_HE4","HE3_HE4(R/R(A))","HE4_HE3","HE4_HE3(R/R(A))","K40_AR40","AR40_K40","UNIQUE_ID","[13601]","SEAMOUNT","SHIKOKU BASIN FLOOR NEAR KINAN SEAMOUNT CHAIN / SP652D","CLIFFS ON SHIKOKU BASIN FLOOR","29.546","29.546","137.345","137.345","SAQ","-4629","-4629","s_SP652DAD02C1 [13601]","BASALT [13601]","","","","","","","","","VOL","","","","","WR [13601] ","49.61","2.06","","15.27","","11.8","","","11.44","5.4","0.17","","0.34","3.13","0.24","","","","","","","","","","","","","","","","","","","","","","","","","","","","","","","","","","","","","","","","","","","","","","392","141","","","","63.4","","","","","","","","7.21","160","49.5","139","3.76","","","","","","","","","","","","0.36","14.2","5.62","16.6","2.56","14.3","4.81","1.62","6.06","1.22","7.81","1.7","5.06","0.74","4.81","0.7","3.56","0.27","","","","","","","","","0.67","","0.28","0.14","0.513109","","","0.702713","","17.8307","","15.4218","","37.567","","","","","","","","","","","","","","","416250","[13601]","SEAMOUNT","SHIKOKU BASIN FLOOR NEAR KINAN SEAMOUNT CHAIN / SP305","CLIFFS ON SHIKOKU BASIN FLOOR","31.407","31.407","136.242","136.242","SAQ","-2969","-2969","s_SP305BMS01CA01 [13601]","BASALT [13601]","","","","","","","","","VOL","","","","","WR [13601] ","47.32","1.27","","15.48","","10.67","","","12.72","5.66","0.15","","0.23","2.68","0.12","","","","","","","","","","","","","","","","","","","","","","","","","","","","","","","","","","","","","","","","","","","","","","263","284","","","","","","","","","","","","4.83","155","29.2","93","1.42","","","","","","","","","","","","0.31","4.17","3.17","10.3","1.61","9.05","2.94","1.21","4.05","0.74","4.93","1.05","3.17","0.55","2.9","0.42","2.19","0.13","","","","","","","","","0.45","","0.09","0.091","0.513174","","","0.702631","","17.7025","","15.4076","","37.347","","","","","","","","","","","","","","","416251",
Abbreviations: MET: METAMORPHIC ROCK; PEG: PEGMATITE; PER: MANTLE XENOLITH; PLU: PLUTONIC ROCK; SED: SEDIMENTARY ROCK; VOL: VOLCANIC ROCK; VEIN: VEIN; ORE: ORE; WR: WHOLE ROCK; GL: VOLCANIC GLASS; MIN: MINERAL / COMPONENT (INCL. GROUNDMASS); INC: INCLUSION; LEACH: LEACH; SAE: SUBAERIAL; SAQ: SUBAQUATIC; F: FRESH; E: EXTENSIVELY ALTERED; M: MODERATELY ALTERED; S: SLIGHTLY ALTERED; T: ALMOST TOTALLY ALTERED; 

References:


"[13601] ISHIZUKA O., YUASA M., TAYLOR R. N., SAKAMOTO I.:    TWO CONTRASTING MAGMATIC TYPES COEXIST AFTER THE CESSATION OF BACK-ARC SPREADING  CHEM. GEOL. 266   [2009] 274-296    doi: 10.1016/j.chemgeo.2009.06.014"
