"CITATIONS","TECTONIC SETTING","LOCATION","LOCATION COMMENT","LATITUDE MIN","LATITUDE MAX","LONGITUDE MIN","LONGITUDE MAX","LAND OR SEA","ELEVATION MIN","ELEVATION MAX","SAMPLE NAME","ROCK NAME","MIN. AGE (YRS.)","MAX. AGE (YRS.)","GEOL.","AGE","ERUPTION DAY","ERUPTION MONTH","ERUPTION YEAR","ROCK TEXTURE","ROCK TYPE","DRILL DEPTH MIN","DRILL DEPTHAX","ALTERATION","MINERAL","MATERIAL","SIO2(WT%)","TIO2(WT%)","B2O3(WT%)","AL2O3(WT%)","CR2O3(WT%)","FE2O3(WT%)","FEO(WT%)","FEOT(WT%)","CAO(WT%)","MGO(WT%)","MNO(WT%)","NIO(WT%)","K2O(WT%)","NA2O(WT%)","P2O5(WT%)","H2O(WT%)","H2OP(WT%)","H2OM(WT%)","H2OT(WT%)","CO2(WT%)","CO1(WT%)","F(WT%)","CL(WT%)","CL2(WT%)","OH(WT%)","CH4(WT%)","SO2(WT%)","SO3(WT%)","SO4(WT%)","S(WT%)","LOI(WT%)","VOLATILES(WT%)","O(WT%)","OTHERS(WT%)","HE(CCM/G)","HE(CCMSTP/G)","HE3(CCMSTP/G)","HE3(AT/G)","HE4(CCM/G)","HE4(CCMSTP/G)","HE4(AT/G)","HE4(MOLE/G)","HE4(NCC/G)","HE(NCC/G)","LI(PPM)","BE(PPM)","B(PPM)","C(PPM)","CO2(PPM)","F(PPM)","NA(PPM)","MG(PPM)","AL(PPM)","P(PPM)","S(PPM)","CL(PPM)","K(PPM)","CA(PPM)","SC(PPM)","TI(PPM)","V(PPM)","CR(PPM)","MN(PPM)","FE(PPM)","CO(PPM)","NI(PPM)","CU(PPM)","ZN(PPM)","GA(PPM)","GE(PPM)","AS(PPM)","SE(PPM)","BR(PPM)","RB(PPM)","SR(PPM)","Y(PPM)","ZR(PPM)","NB(PPM)","MO(PPM)","RU(PPM)","RH(PPM)","PD(PPM)","AG(PPM)","CD(PPM)","IN(PPM)","SN(PPM)","SB(PPM)","TE(PPM)","I(PPM)","CS(PPM)","BA(PPM)","LA(PPM)","CE(PPM)","PR(PPM)","ND(PPM)","SM(PPM)","EU(PPM)","GD(PPM)","TB(PPM)","DY(PPM)","HO(PPM)","ER(PPM)","TM(PPM)","YB(PPM)","LU(PPM)","HF(PPM)","TA(PPM)","W(PPM)","RE(PPM)","OS(PPM)","IR(PPM)","PT(PPM)","AU(PPM)","HG(PPM)","TL(PPM)","PB(PPM)","BI(PPM)","TH(PPM)","U(PPM)","ND143_ND144","ND143_ND144_INI","EPSILON_ND","SR87_SR86","SR87_SR86_INI","PB206_PB204","PB206_PB204_INI","PB207_PB204","PB207_PB204_INI","PB208_PB204","PB208_PB204_INI","OS184_OS188","OS186_OS188","OS187_OS186","OS187_OS188","RE187_OS186","RE187_OS188","HF176_HF177","HE3_HE4","HE3_HE4(R/R(A))","HE4_HE3","HE4_HE3(R/R(A))","K40_AR40","AR40_K40","UNIQUE_ID","[9149]","SEAMOUNT","TARAVA SEAMOUNT CHAIN / TITI / DREDGE PLD 09","","-19.4533","-19.4533","-153.9117","-153.9117","SAQ","-979","-979","s_PLD07-1 [9149]","BASALT [9149]","","","","","","","","","VOL","","","","","WR [9149] ","34.46","3.77","","14.12","","","","11.95","15.72","0.89","0.13","","1.18","3.17","7.38","","","","","","","","","","","","","","","","3.8","","","","","","","","","","","","","","","","","","","","","","","","","","","","","","","","","","","","","","","","","","","","","47.86","283.8","26.14","","","","","","","","","","","","","","27.66","59.9","7.97","35.81","9.24","3.21","9.02","1.32","7.39","1.42","3.55","0.5392","3.31","0.48","6.12","1.96","","","","","","","","","","","1.555","","0.512921","","","0.703036","","19.082","","15.58","","38.148","","","","","","","","","","","","","","","296798","[9149]","SEAMOUNT","TARAVA SEAMOUNT CHAIN / FAFA PITI / DREDGE PLD 09","","-18.9683","-18.9683","-154.115","-154.115","SAQ","-799","-799","s_PLD09-1 [9149]","BASALT [9149]","43500000 [9149]","43500000 [9149]","","","","","","","VOL","","","","","WR [9149] ","44.59","2.46","","17.11","","","","9.99","9.02","3.59","0.05","","1.69","3.38","2.61","","","","","","","","","","","","","","","","3.7","","","","","","","","","","","","","","","","","","","","","","","","","","","","","","","","","","","","","","","","","","","","","62.14","189.1","19.35","","","","","","","","","","","","","","47.45","48.92","7.69","33.06","7.25","2.47","7.9","1.11","6.61","1.41","3.86","0.5699","3.5","0.54","4.44","1.43","","","","","","","","","","","1.138","","0.512802","","","0.703072","","18.782","","15.542","","38.18","","","","","","","","","","","","","","","296799",
Abbreviations: MET: METAMORPHIC ROCK; PEG: PEGMATITE; PER: MANTLE XENOLITH; PLU: PLUTONIC ROCK; SED: SEDIMENTARY ROCK; VOL: VOLCANIC ROCK; VEIN: VEIN; ORE: ORE; WR: WHOLE ROCK; GL: VOLCANIC GLASS; MIN: MINERAL / COMPONENT (INCL. GROUNDMASS); INC: INCLUSION; LEACH: LEACH; SAE: SUBAERIAL; SAQ: SUBAQUATIC; F: FRESH; E: EXTENSIVELY ALTERED; M: MODERATELY ALTERED; S: SLIGHTLY ALTERED; T: ALMOST TOTALLY ALTERED; 

References:


"[9149] BONNEVILLE A., DOSSO L., HILDENBRAND A.:    TEMPORAL EVOLUTION AND GEOCHEMICAL VARIABILITY OF THE SOUTH PACIFIC SUPERPLUME ACTIVITY  EARTH PLANET. SCI. LETT. 244   [2006] 251-269    GeoReM-id: 1912   doi: 10.1016/j.epsl.2005.12.037"
