"CITATIONS","TECTONIC SETTING","LOCATION","LOCATION COMMENT","LATITUDE MIN","LATITUDE MAX","LONGITUDE MIN","LONGITUDE MAX","LAND OR SEA","ELEVATION MIN","ELEVATION MAX","SAMPLE NAME","ROCK NAME","MIN. AGE (YRS.)","MAX. AGE (YRS.)","GEOL.","AGE","ERUPTION DAY","ERUPTION MONTH","ERUPTION YEAR","ROCK TEXTURE","ROCK TYPE","DRILL DEPTH MIN","DRILL DEPTHAX","ALTERATION","MINERAL","MATERIAL","SIO2(WT%)","TIO2(WT%)","B2O3(WT%)","AL2O3(WT%)","CR2O3(WT%)","FE2O3(WT%)","FEO(WT%)","FEOT(WT%)","CAO(WT%)","MGO(WT%)","MNO(WT%)","NIO(WT%)","K2O(WT%)","NA2O(WT%)","P2O5(WT%)","H2O(WT%)","H2OP(WT%)","H2OM(WT%)","H2OT(WT%)","CO2(WT%)","CO1(WT%)","F(WT%)","CL(WT%)","CL2(WT%)","OH(WT%)","CH4(WT%)","SO2(WT%)","SO3(WT%)","SO4(WT%)","S(WT%)","LOI(WT%)","VOLATILES(WT%)","O(WT%)","OTHERS(WT%)","HE(CCM/G)","HE(CCMSTP/G)","HE3(CCMSTP/G)","HE3(AT/G)","HE4(CCM/G)","HE4(CCMSTP/G)","HE4(AT/G)","HE4(MOLE/G)","HE4(NCC/G)","HE(NCC/G)","LI(PPM)","BE(PPM)","B(PPM)","C(PPM)","CO2(PPM)","F(PPM)","NA(PPM)","MG(PPM)","AL(PPM)","P(PPM)","S(PPM)","CL(PPM)","K(PPM)","CA(PPM)","SC(PPM)","TI(PPM)","V(PPM)","CR(PPM)","MN(PPM)","FE(PPM)","CO(PPM)","NI(PPM)","CU(PPM)","ZN(PPM)","GA(PPM)","GE(PPM)","AS(PPM)","SE(PPM)","BR(PPM)","RB(PPM)","SR(PPM)","Y(PPM)","ZR(PPM)","NB(PPM)","MO(PPM)","RU(PPM)","RH(PPM)","PD(PPM)","AG(PPM)","CD(PPM)","IN(PPM)","SN(PPM)","SB(PPM)","TE(PPM)","I(PPM)","CS(PPM)","BA(PPM)","LA(PPM)","CE(PPM)","PR(PPM)","ND(PPM)","SM(PPM)","EU(PPM)","GD(PPM)","TB(PPM)","DY(PPM)","HO(PPM)","ER(PPM)","TM(PPM)","YB(PPM)","LU(PPM)","HF(PPM)","TA(PPM)","W(PPM)","RE(PPM)","OS(PPM)","IR(PPM)","PT(PPM)","AU(PPM)","HG(PPM)","TL(PPM)","PB(PPM)","BI(PPM)","TH(PPM)","U(PPM)","ND143_ND144","ND143_ND144_INI","EPSILON_ND","SR87_SR86","SR87_SR86_INI","PB206_PB204","PB206_PB204_INI","PB207_PB204","PB207_PB204_INI","PB208_PB204","PB208_PB204_INI","OS184_OS188","OS186_OS188","OS187_OS186","OS187_OS188","RE187_OS186","RE187_OS188","HF176_HF177","HE3_HE4","HE3_HE4(R/R(A))","HE4_HE3","HE4_HE3(R/R(A))","K40_AR40","AR40_K40","UNIQUE_ID","[12924]","SEAMOUNT","UJLAN SEAMOUNTS / LOTAB","","10.27","10.27","160.67","160.67","SAQ","-1860","-1860","s_LOT-1 [12924]","NOT GIVEN [12924]","","","","MESOZOIC [12924]","","","","","VOL","","","","","WR [12924] ","","","","","","","","","","","","","","","","","","","","","","","","","","","","","","","","","","","","","","","","","","","","","","","","","","","","","","","","","","","","","","","","","","","","","","","","","","0.44","","","","","","","","","","","","","","","","","","","","","22.71","6.11","","","","","","","","","","","","","","","","","","","","0.232","","","0.0324","0.512542","","","0.70724","","18.899","","15.724","","39.479","","","","","","","","","","","","","","","383587","[12924]","SEAMOUNT","UJLAN SEAMOUNTS / LOTAB","","10.27","10.27","160.67","160.67","SAQ","-1860","-1860","s_F1089CP 18-22-1 (LOT-2) [12924]","BASALT, ALKALINE [12924]","","","","MESOZOIC [12924]","","","","","VOL","","","","","WR [12924] ","46.91","2.45","","17.14","","1.65","","","7.25","4.9","0.11","","2.1","4.67","0.42","","","","","","","","","","","","","","","","2.6","","","","","","","","","","","","","","","","","","","","","","","","","","","","","","243","157","","","12.2","9","138","15","","","","","","21","669","31.9","268","49","4.6","","","","","","","3","3.57","","","0.82","","12","31","","19.1","4.8","2.26","10.12","1.77","8.5","1.77","4.52","0.57","2.87","0.15","4.1","3.2","5","","","","","","","0.36","15","","0.0011","0.223","0.512539","","","0.707671","","18.84","","15.648","","39.443","","","","","","","","","","","","","","","383589","[12822]","SEAMOUNT","UJLAN SEAMOUNTS / LIKELEP","","10.6","10.6","160.37","160.37","SAQ","-2030","-2030","s_LIK-2 [12822]","BASALT, ALKALINE [12822]","","","","CRETACEOUS [12822]","","","","","VOL","","","","","WR [12822] ","","","","","","","","","","","","","","","","","","","","","","","","","","","","","","","","","","","","","","","","","","","","","","","","","","","","","","","","","","","","","","","","","","","","","","","","","","","","","","","","","","","","","","","","","","","","","","","","","","","","","","","","","","","","","","","","","","","","","","","","","","","","","18.547","","15.628","","38.827","","","","","","","","0.282766","","","","","","","63389-F1089CP 19-19 (LIK-2)","[12822]","SEAMOUNT","UJLAN SEAMOUNTS / LIKELEP","","10.6","10.6","160.37","160.37","SAQ","-2030","-2030","s_LIK-1 [12822]","BASALT, ALKALINE [12822]","","","","CRETACEOUS [12822]","","","","","VOL","","","","","WR [12822] ","","","","","","","","","","","","","","","","","","","","","","","","","","","","","","","","","","","","","","","","","","","","","","","","","","","","","","","","","","","","","","","","","","","","","","","","","","","","","","","","","","","","","","","","","","","","","","","","","","","","","","","","","","","","","","","","","","","","","","","","","","","0.705313","","18.509","","15.622","","38.673","","","","","","","","0.282793","","","","","","","63389-F1089CP 19-20 (LIK-1)",
Abbreviations: MET: METAMORPHIC ROCK; PEG: PEGMATITE; PER: MANTLE XENOLITH; PLU: PLUTONIC ROCK; SED: SEDIMENTARY ROCK; VOL: VOLCANIC ROCK; VEIN: VEIN; ORE: ORE; WR: WHOLE ROCK; GL: VOLCANIC GLASS; MIN: MINERAL / COMPONENT (INCL. GROUNDMASS); INC: INCLUSION; LEACH: LEACH; SAE: SUBAERIAL; SAQ: SUBAQUATIC; F: FRESH; E: EXTENSIVELY ALTERED; M: MODERATELY ALTERED; S: SLIGHTLY ALTERED; T: ALMOST TOTALLY ALTERED; 

References:


"[12822] KONTER J. G., HANAN B. B., BLICHERT-TOFT J., KOPPERS A. A. P., PLANK T. A., STAUDIGEL H.:    ONE HUNDRED MILLION YEARS OF MANTLE GEOCHEMICAL HISTORY SUGGEST THE RETIRING OF MANTLE PLUMES IS PREMATURE  EARTH PLANET. SCI. LETT. 275   [2008] 285-295    GeoReM-id: 4056   doi: 10.1016/j.epsl.2008.08.023"
"[12924] KOPPERS A. A. P., STAUDIGEL H., PRINGLE M. S., WIJBRANS J. R.:    SHORT-LIVED AND DISCONTINUOUS INTRAPLATE VOLCANISM IN THE SOUTH PACIFIC: HOT SPOTS OR EXTENSIONAL VOLCANISM?  GEOCHEMISTRY GEOPHYSICS GEOSYSTEMS 4   [2003]    doi: 10.1029/2003GC000533"
