"CITATIONS","TECTONIC SETTING","LOCATION","LOCATION COMMENT","LATITUDE MIN","LATITUDE MAX","LONGITUDE MIN","LONGITUDE MAX","LAND OR SEA","ELEVATION MIN","ELEVATION MAX","SAMPLE NAME","ROCK NAME","MIN. AGE (YRS.)","MAX. AGE (YRS.)","GEOL.","AGE","ERUPTION DAY","ERUPTION MONTH","ERUPTION YEAR","ROCK TEXTURE","ROCK TYPE","DRILL DEPTH MIN","DRILL DEPTHAX","ALTERATION","MINERAL","MATERIAL","SIO2(WT%)","TIO2(WT%)","B2O3(WT%)","AL2O3(WT%)","CR2O3(WT%)","FE2O3(WT%)","FEO(WT%)","FEOT(WT%)","CAO(WT%)","MGO(WT%)","MNO(WT%)","NIO(WT%)","K2O(WT%)","NA2O(WT%)","P2O5(WT%)","H2O(WT%)","H2OP(WT%)","H2OM(WT%)","H2OT(WT%)","CO2(WT%)","CO1(WT%)","F(WT%)","CL(WT%)","CL2(WT%)","OH(WT%)","CH4(WT%)","SO2(WT%)","SO3(WT%)","SO4(WT%)","S(WT%)","LOI(WT%)","VOLATILES(WT%)","O(WT%)","OTHERS(WT%)","HE(CCM/G)","HE(CCMSTP/G)","HE3(CCMSTP/G)","HE3(AT/G)","HE4(CCM/G)","HE4(CCMSTP/G)","HE4(AT/G)","HE4(MOLE/G)","HE4(NCC/G)","HE(NCC/G)","LI(PPM)","BE(PPM)","B(PPM)","C(PPM)","CO2(PPM)","F(PPM)","NA(PPM)","MG(PPM)","AL(PPM)","P(PPM)","S(PPM)","CL(PPM)","K(PPM)","CA(PPM)","SC(PPM)","TI(PPM)","V(PPM)","CR(PPM)","MN(PPM)","FE(PPM)","CO(PPM)","NI(PPM)","CU(PPM)","ZN(PPM)","GA(PPM)","GE(PPM)","AS(PPM)","SE(PPM)","BR(PPM)","RB(PPM)","SR(PPM)","Y(PPM)","ZR(PPM)","NB(PPM)","MO(PPM)","RU(PPM)","RH(PPM)","PD(PPM)","AG(PPM)","CD(PPM)","IN(PPM)","SN(PPM)","SB(PPM)","TE(PPM)","I(PPM)","CS(PPM)","BA(PPM)","LA(PPM)","CE(PPM)","PR(PPM)","ND(PPM)","SM(PPM)","EU(PPM)","GD(PPM)","TB(PPM)","DY(PPM)","HO(PPM)","ER(PPM)","TM(PPM)","YB(PPM)","LU(PPM)","HF(PPM)","TA(PPM)","W(PPM)","RE(PPM)","OS(PPM)","IR(PPM)","PT(PPM)","AU(PPM)","HG(PPM)","TL(PPM)","PB(PPM)","BI(PPM)","TH(PPM)","U(PPM)","ND143_ND144","ND143_ND144_INI","EPSILON_ND","SR87_SR86","SR87_SR86_INI","PB206_PB204","PB206_PB204_INI","PB207_PB204","PB207_PB204_INI","PB208_PB204","PB208_PB204_INI","OS184_OS188","OS186_OS188","OS187_OS186","OS187_OS188","RE187_OS186","RE187_OS188","HF176_HF177","HE3_HE4","HE3_HE4(R/R(A))","HE4_HE3","HE4_HE3(R/R(A))","K40_AR40","AR40_K40","UNIQUE_ID","[1756]","OCEANIC PLATEAU","CUVIER (WALLABY) PLATEAU / CUVIER (WALLABY) PLATEAU / SITE 36","","-24.364","-24.369","107.781","107.828","SAQ","-2850","-3120","s_36/3 [1756]","BASALT, TRACHYTIC [1756]","","","","","","","","SPARSELY PHYRIC, TRACHYTIC TEXTURE [1756] ","VOL","","","E","","WR [1756] ","41.5","2.34","","17.7","","","","18.63","9.03","1.07","0.16","","1.89","3.31","2.35","","","","","","","","","","","","","","","","8.46","","","","","","","","","","","","","","","","","","","","","","","","","","","","75","","743","144","","","","98","","","","","","","","27","243","75","152","8","","","","","","","","","","","","","113","18","30.1","","22.6","","","","","","","","","","","","","","","","","","","","","3.3","","","","","","","","","","","","","","","","","","","","","","","","","","","","33615","[1756]","OCEANIC PLATEAU","CUVIER (WALLABY) PLATEAU / CUVIER (WALLABY) PLATEAU / SITE 38","","-24.36","-24.365","107.822","107.827","SAQ","-2980","-3120","s_38/1 [1756]","THOLEIITE [1756]","","","","","","","","PHYRIC [1756] ","VOL","","","E","","WR [1756] ","46","1.18","","16.1","","","","14.49","9.54","4.41","2.69","","0.98","2.75","0.23","","","","","","","","","","","","","","","","8.59","","","","","","","","","","","","","","","","","","","","","","","","","","","","55","","401","141","","","","511","","","","","","","","25","272","47","147","10.5","","","","","","","","","","","","","251","31.9","122.4","","35.8","6.76","2.14","","1.14","","1.6","","","4.08","0.61","2.76","","","","","","","","","","220","","4.75","","","","","","","","","","","","","","","","","","","","","","","","","","33616",
Abbreviations: MET: METAMORPHIC ROCK; PEG: PEGMATITE; PER: MANTLE XENOLITH; PLU: PLUTONIC ROCK; SED: SEDIMENTARY ROCK; VOL: VOLCANIC ROCK; VEIN: VEIN; ORE: ORE; WR: WHOLE ROCK; GL: VOLCANIC GLASS; MIN: MINERAL / COMPONENT (INCL. GROUNDMASS); INC: INCLUSION; LEACH: LEACH; SAE: SUBAERIAL; SAQ: SUBAQUATIC; F: FRESH; E: EXTENSIVELY ALTERED; M: MODERATELY ALTERED; S: SLIGHTLY ALTERED; T: ALMOST TOTALLY ALTERED; 

References:


"[1756] COLWELL J. B., SYMONDS P. A., CRAWFORD A. J.:    THE NATURE OF THE WALLABY (CUVIER) PLATEAU AND OTHER IGNEOUS PROVINCES OF THE WEST AUSTRALIAN MARGIN  AGSO J. AUSTRALIAN GEOL. GEOPHYS. 15   [1994] 137-156    GeoReM-id: 1198"
