"CITATIONS","TECTONIC SETTING","LOCATION","LOCATION COMMENT","LATITUDE MIN","LATITUDE MAX","LONGITUDE MIN","LONGITUDE MAX","LAND OR SEA","ELEVATION MIN","ELEVATION MAX","SAMPLE NAME","ROCK NAME","MIN. AGE (YRS.)","MAX. AGE (YRS.)","GEOL.","AGE","ERUPTION DAY","ERUPTION MONTH","ERUPTION YEAR","ROCK TEXTURE","ROCK TYPE","DRILL DEPTH MIN","DRILL DEPTHAX","ALTERATION","MINERAL","MATERIAL","SIO2(WT%)","TIO2(WT%)","B2O3(WT%)","AL2O3(WT%)","CR2O3(WT%)","FE2O3(WT%)","FEO(WT%)","FEOT(WT%)","CAO(WT%)","MGO(WT%)","MNO(WT%)","NIO(WT%)","K2O(WT%)","NA2O(WT%)","P2O5(WT%)","H2O(WT%)","H2OP(WT%)","H2OM(WT%)","H2OT(WT%)","CO2(WT%)","CO1(WT%)","F(WT%)","CL(WT%)","CL2(WT%)","OH(WT%)","CH4(WT%)","SO2(WT%)","SO3(WT%)","SO4(WT%)","S(WT%)","LOI(WT%)","VOLATILES(WT%)","O(WT%)","OTHERS(WT%)","HE(CCM/G)","HE(CCMSTP/G)","HE3(CCMSTP/G)","HE3(AT/G)","HE4(CCM/G)","HE4(CCMSTP/G)","HE4(AT/G)","HE4(MOLE/G)","HE4(NCC/G)","HE(NCC/G)","LI(PPM)","BE(PPM)","B(PPM)","C(PPM)","CO2(PPM)","F(PPM)","NA(PPM)","MG(PPM)","AL(PPM)","P(PPM)","S(PPM)","CL(PPM)","K(PPM)","CA(PPM)","SC(PPM)","TI(PPM)","V(PPM)","CR(PPM)","MN(PPM)","FE(PPM)","CO(PPM)","NI(PPM)","CU(PPM)","ZN(PPM)","GA(PPM)","GE(PPM)","AS(PPM)","SE(PPM)","BR(PPM)","RB(PPM)","SR(PPM)","Y(PPM)","ZR(PPM)","NB(PPM)","MO(PPM)","RU(PPM)","RH(PPM)","PD(PPM)","AG(PPM)","CD(PPM)","IN(PPM)","SN(PPM)","SB(PPM)","TE(PPM)","I(PPM)","CS(PPM)","BA(PPM)","LA(PPM)","CE(PPM)","PR(PPM)","ND(PPM)","SM(PPM)","EU(PPM)","GD(PPM)","TB(PPM)","DY(PPM)","HO(PPM)","ER(PPM)","TM(PPM)","YB(PPM)","LU(PPM)","HF(PPM)","TA(PPM)","W(PPM)","RE(PPM)","OS(PPM)","IR(PPM)","PT(PPM)","AU(PPM)","HG(PPM)","TL(PPM)","PB(PPM)","BI(PPM)","TH(PPM)","U(PPM)","ND143_ND144","ND143_ND144_INI","EPSILON_ND","SR87_SR86","SR87_SR86_INI","PB206_PB204","PB206_PB204_INI","PB207_PB204","PB207_PB204_INI","PB208_PB204","PB208_PB204_INI","OS184_OS188","OS186_OS188","OS187_OS186","OS187_OS188","RE187_OS186","RE187_OS188","HF176_HF177","HE3_HE4","HE3_HE4(R/R(A))","HE4_HE3","HE4_HE3(R/R(A))","K40_AR40","AR40_K40","UNIQUE_ID","[2904]","SUBMARINE RIDGE","J-ANOMALY RIDGE / J-ANOMALY RIDGE / SITE 384","","40.3681","40.3681","-51.5058","-51.5058","SAQ","-2909","-2909","s_43-384-22-2,127-129 [2904]","BASALT [2904]","","","","","","","","","VOL","","","","","WR [2904] ","46.73","1.19","","15.72","","","","7.24","6.8","6.02","0.11","","1.33","2.2","0.13","","5.03","6.09","","1.39","","","","","","","","","","","","","","","","","","","","","","","","","","","","","","","","","","","","","","","29","","213","621","","","29","269","77","165","","","","","","","167","38","147","","","","","","","","","","","","","","141","5.91","13.99","","13.3","5.77","1.3","","0.987","","1.18","","","2.48","0.564","1.98","","","","","","","","","","","","","","","","","","","","","","","","","","","","","","","","","","","","","","219636","[2904]","SUBMARINE RIDGE","J-ANOMALY RIDGE / J-ANOMALY RIDGE / SITE 384","","40.3681","40.3681","-51.5058","-51.5058","SAQ","-2909","-2909","s_43-384-22-1,118-120 [2904]","BASALT [2904]","","","","","","","","","VOL","","","","","WR [2904] ","44.56","1.42","","15.61","","","","8.48","6.42","5.81","0.14","","1.59","1.5","0.18","","5.47","6.81","","1.99","","","","","","","","","","","","","","","","","","","","","","","","","","","","","","","","","","","","","","","28","","218","642","","","31","265","81","182","","","","","","","165","36","164","","","","","","","","","","","","","","158","6.6","18.6","","12.5","4.51","1.46","","0.931","","1.13","","","2.66","0.5","1.87","","","","","","","","","","","","","","","","","","","","","","","","","","","","","","","","","","","","","","219638","[2904]","SUBMARINE RIDGE","J-ANOMALY RIDGE / J-ANOMALY RIDGE / SITE 384","","40.3681","40.3681","-51.5058","-51.5058","SAQ","-2909","-2909","s_43-384-22,CC,146-148 [2904]","BASALT [2904]","","","","","","","","","VOL","","","","","WR [2904] ","49.99","1.68","","15.25","","","","6.99","6.76","7.11","0.04","","1.35","2.58","0.21","","2.89","3.86","","1.21","","","","","","","","","","","","","","","","","","","","","","","","","","","","","","","","","","","","","","","36","","195","429","","","39","219","65","99","","","","","","","7","42","189","","","","","","","","","","","","","","97","6.2","19.3","","13.8","5.39","1.3","","1.08","","1.34","","","2.9","0.53","1.46","","","","","","","","","","","","","","","","","","","","","","","","","","","","","","","","","","","","","","9166-43-384-22, CC, 146-148",
Abbreviations: MET: METAMORPHIC ROCK; PEG: PEGMATITE; PER: MANTLE XENOLITH; PLU: PLUTONIC ROCK; SED: SEDIMENTARY ROCK; VOL: VOLCANIC ROCK; VEIN: VEIN; ORE: ORE; WR: WHOLE ROCK; GL: VOLCANIC GLASS; MIN: MINERAL / COMPONENT (INCL. GROUNDMASS); INC: INCLUSION; LEACH: LEACH; SAE: SUBAERIAL; SAQ: SUBAQUATIC; F: FRESH; E: EXTENSIVELY ALTERED; M: MODERATELY ALTERED; S: SLIGHTLY ALTERED; T: ALMOST TOTALLY ALTERED; 

References:


"[2904] HOUGHTON R. L.:    PETROLOGY AND GEOCHEMISTRY OF BASALTIC ROCKS RECOVERED ON LEG 43 OF THE DEEP SEA DRILLING PROJECT  INIT. REP. DEEP SEA DRILL. PROJ. 43   [1979] 721-738    GeoReM-id: 1244   doi: 10.2973/dsdp.proc.43.133.1979"
