"CITATIONS","TECTONIC SETTING","LOCATION","LOCATION COMMENT","LATITUDE MIN","LATITUDE MAX","LONGITUDE MIN","LONGITUDE MAX","LAND OR SEA","ELEVATION MIN","ELEVATION MAX","SAMPLE NAME","ROCK NAME","MIN. AGE (YRS.)","MAX. AGE (YRS.)","GEOL.","AGE","ERUPTION DAY","ERUPTION MONTH","ERUPTION YEAR","ROCK TEXTURE","ROCK TYPE","DRILL DEPTH MIN","DRILL DEPTHAX","ALTERATION","MINERAL","MATERIAL","SIO2(WT%)","TIO2(WT%)","B2O3(WT%)","AL2O3(WT%)","CR2O3(WT%)","FE2O3(WT%)","FEO(WT%)","FEOT(WT%)","CAO(WT%)","MGO(WT%)","MNO(WT%)","NIO(WT%)","K2O(WT%)","NA2O(WT%)","P2O5(WT%)","H2O(WT%)","H2OP(WT%)","H2OM(WT%)","H2OT(WT%)","CO2(WT%)","CO1(WT%)","F(WT%)","CL(WT%)","CL2(WT%)","OH(WT%)","CH4(WT%)","SO2(WT%)","SO3(WT%)","SO4(WT%)","S(WT%)","LOI(WT%)","VOLATILES(WT%)","O(WT%)","OTHERS(WT%)","HE(CCM/G)","HE(CCMSTP/G)","HE3(CCMSTP/G)","HE3(AT/G)","HE4(CCM/G)","HE4(CCMSTP/G)","HE4(AT/G)","HE4(MOLE/G)","HE4(NCC/G)","HE(NCC/G)","LI(PPM)","BE(PPM)","B(PPM)","C(PPM)","CO2(PPM)","F(PPM)","NA(PPM)","MG(PPM)","AL(PPM)","P(PPM)","S(PPM)","CL(PPM)","K(PPM)","CA(PPM)","SC(PPM)","TI(PPM)","V(PPM)","CR(PPM)","MN(PPM)","FE(PPM)","CO(PPM)","NI(PPM)","CU(PPM)","ZN(PPM)","GA(PPM)","GE(PPM)","AS(PPM)","SE(PPM)","BR(PPM)","RB(PPM)","SR(PPM)","Y(PPM)","ZR(PPM)","NB(PPM)","MO(PPM)","RU(PPM)","RH(PPM)","PD(PPM)","AG(PPM)","CD(PPM)","IN(PPM)","SN(PPM)","SB(PPM)","TE(PPM)","I(PPM)","CS(PPM)","BA(PPM)","LA(PPM)","CE(PPM)","PR(PPM)","ND(PPM)","SM(PPM)","EU(PPM)","GD(PPM)","TB(PPM)","DY(PPM)","HO(PPM)","ER(PPM)","TM(PPM)","YB(PPM)","LU(PPM)","HF(PPM)","TA(PPM)","W(PPM)","RE(PPM)","OS(PPM)","IR(PPM)","PT(PPM)","AU(PPM)","HG(PPM)","TL(PPM)","PB(PPM)","BI(PPM)","TH(PPM)","U(PPM)","ND143_ND144","ND143_ND144_INI","EPSILON_ND","SR87_SR86","SR87_SR86_INI","PB206_PB204","PB206_PB204_INI","PB207_PB204","PB207_PB204_INI","PB208_PB204","PB208_PB204_INI","OS184_OS188","OS186_OS188","OS187_OS186","OS187_OS188","RE187_OS186","RE187_OS188","HF176_HF177","HE3_HE4","HE3_HE4(R/R(A))","HE4_HE3","HE4_HE3(R/R(A))","K40_AR40","AR40_K40","UNIQUE_ID","[21854]","ARCHEAN CRATON (INCLUDING GREENSTONE BELTS)","OKHOTSK-OMOLON CRATON / OKHOTSK MASSIF / KUKHTUI UPLIFT","KHORANDZHA AREA","61","61","143","143","SAE","","","s_8A [21854]","GRANITE [21854]","","","PALEO [21854]","ARCHEAN [21854]","","","","","PLU","","","","","WR [21854] ","71.65","0.19","","15.5","","0.28","2.27","","2.02","0.39","0.01","","2.61","4.83","0.01","","","","","","","","","","","","","","","","0.58","","","","","","","","","","","","","","","","","","","","","","","","","","","","","","","","","","","","","","","","","","","34","447","1.36","102","3.78","","","","","","","","","","","","","1030","20.3","30.4","2.77","8.4","0.9","0.72","0.76","0.081","0.3","0.045","0.12","0.023","0.12","0.016","2.3","0.05","","","","","","","","","","","3.47","0.18","0.509993","","","0.713597","","","","","","","","","","","","","","","","","","","","","1292521","[21854]","ARCHEAN CRATON (INCLUDING GREENSTONE BELTS)","OKHOTSK-OMOLON CRATON / OKHOTSK MASSIF / KUKHTUI UPLIFT","KHORANDZHA AREA","61","61","143","143","SAE","","","s_8V [21854]","GRANITE [21854]","","","PALEO [21854]","ARCHEAN [21854]","","","","","PLU","","","","","WR [21854] ","71.47","0.24","","15.66","","0.51","1.42","","2.16","0.46","0.01","","2.91","5.17","0.01","","","","","","","","","","","","","","","","0.58","","","","","","","","","","","","","","","","","","","","","","","","","","","","","","","","","","","","","","","","","","","31","507","1.64","180","1.93","","","","","","","","","","","","","1034","39.69","58.35","5.17","16.18","2.12","0.95","1.52","0.12","0.42","0.08","0.14","0.02","0.08","0.02","4.07","0.06","","","","","","","","","","","8.96","0.19","0.509854","","","0.711333","","","","","","","","","","","","","","","","","","","","","1292522","[21854]","ARCHEAN CRATON (INCLUDING GREENSTONE BELTS)","OKHOTSK-OMOLON CRATON / OKHOTSK MASSIF / KUKHTUI UPLIFT","KHORANDZHA AREA","61","61","143","143","SAE","","","s_9A [21854]","GRANITE [21854]","","","PALEO [21854]","ARCHEAN [21854]","","","","","PLU","","","","","WR [21854] ","71.63","0.2","","15.69","","0.36","1.27","","1.5","0.46","0.01","","3.53","4.82","0.01","","","","","","","","","","","","","","","","0.65","","","","","","","","","","","","","","","","","","","","","","","","","","","","","","","","","","","","","","","","","","","51","437","1.77","113","1.53","","","","","","","","","","","","","1297","53.71","85.86","7.94","24.89","3.04","0.9","2.87","0.18","0.54","0.08","0.12","0.01","0.06","0.02","2.77","0.05","","","","","","","","","","","18.33","0.29","0.509991","","","0.717604","","","","","","","","","","","","","","","","","","","","","1292523","[21854]","ARCHEAN CRATON (INCLUDING GREENSTONE BELTS)","OKHOTSK-OMOLON CRATON / OKHOTSK MASSIF / KUKHTUI UPLIFT","KHORANDZHA AREA","61","61","143","143","SAE","","","s_9ZH [21854]","GRANITE [21854]","","","PALEO [21854]","ARCHEAN [21854]","","","","","PLU","","","","","WR [21854] ","71.5","0.08","","15.4","","0.29","1.42","","1.16","0.14","0.01","","6.28","3.49","0.09","","","","","","","","","","","","","","","","0.26","","","","","","","","","","","","","","","","","","","","","","","","","","","","","","","","","","","","","","","","","","","74","479","2.06","22","0.76","","","","","","","","","","","","","2810","10.3","16.8","1.6","6.24","1.37","1.11","1","0.087","0.53","0.11","0.2","0.02","0.15","0.022","0.039","0.05","","","","","","","","","","","0.22","0.1","0.510302","","","0.719125","","","","","","","","","","","","","","","","","","","","","1292524",
Abbreviations: MET: METAMORPHIC ROCK; PEG: PEGMATITE; PER: MANTLE XENOLITH; PLU: PLUTONIC ROCK; SED: SEDIMENTARY ROCK; VOL: VOLCANIC ROCK; VEIN: VEIN; ORE: ORE; WR: WHOLE ROCK; GL: VOLCANIC GLASS; MIN: MINERAL / COMPONENT (INCL. GROUNDMASS); INC: INCLUSION; LEACH: LEACH; SAE: SUBAERIAL; SAQ: SUBAQUATIC; F: FRESH; E: EXTENSIVELY ALTERED; M: MODERATELY ALTERED; S: SLIGHTLY ALTERED; T: ALMOST TOTALLY ALTERED; 

References:


"[21854] KUZMIN V. K., BOGOMOLOV E. S., GLEBOVITSKII V. A., RODIONOV N. V.:    THE OLDEST GRANITES OF RUSSIA: PALEOARCHEAN (3343 MA) SUBALKALI GRANITES OF THE OKHOTSK MASSIF  DOKL. EARTH SCI. 478   [2018] 183-189    doi: 10.1134/S1028334X18020253"
