"CITATIONS","TECTONIC SETTING","LOCATION","LOCATION COMMENT","LATITUDE MIN","LATITUDE MAX","LONGITUDE MIN","LONGITUDE MAX","LAND OR SEA","ELEVATION MIN","ELEVATION MAX","SAMPLE NAME","ROCK NAME","MIN. AGE (YRS.)","MAX. AGE (YRS.)","GEOL.","AGE","ERUPTION DAY","ERUPTION MONTH","ERUPTION YEAR","ROCK TEXTURE","ROCK TYPE","DRILL DEPTH MIN","DRILL DEPTHAX","ALTERATION","MINERAL","MATERIAL","SIO2(WT%)","TIO2(WT%)","B2O3(WT%)","AL2O3(WT%)","CR2O3(WT%)","FE2O3(WT%)","FEO(WT%)","FEOT(WT%)","CAO(WT%)","MGO(WT%)","MNO(WT%)","NIO(WT%)","K2O(WT%)","NA2O(WT%)","P2O5(WT%)","H2O(WT%)","H2OP(WT%)","H2OM(WT%)","H2OT(WT%)","CO2(WT%)","CO1(WT%)","F(WT%)","CL(WT%)","CL2(WT%)","OH(WT%)","CH4(WT%)","SO2(WT%)","SO3(WT%)","SO4(WT%)","S(WT%)","LOI(WT%)","VOLATILES(WT%)","O(WT%)","OTHERS(WT%)","HE(CCM/G)","HE(CCMSTP/G)","HE3(CCMSTP/G)","HE3(AT/G)","HE4(CCM/G)","HE4(CCMSTP/G)","HE4(AT/G)","HE4(MOLE/G)","HE4(NCC/G)","HE(NCC/G)","LI(PPM)","BE(PPM)","B(PPM)","C(PPM)","CO2(PPM)","F(PPM)","NA(PPM)","MG(PPM)","AL(PPM)","P(PPM)","S(PPM)","CL(PPM)","K(PPM)","CA(PPM)","SC(PPM)","TI(PPM)","V(PPM)","CR(PPM)","MN(PPM)","FE(PPM)","CO(PPM)","NI(PPM)","CU(PPM)","ZN(PPM)","GA(PPM)","GE(PPM)","AS(PPM)","SE(PPM)","BR(PPM)","RB(PPM)","SR(PPM)","Y(PPM)","ZR(PPM)","NB(PPM)","MO(PPM)","RU(PPM)","RH(PPM)","PD(PPM)","AG(PPM)","CD(PPM)","IN(PPM)","SN(PPM)","SB(PPM)","TE(PPM)","I(PPM)","CS(PPM)","BA(PPM)","LA(PPM)","CE(PPM)","PR(PPM)","ND(PPM)","SM(PPM)","EU(PPM)","GD(PPM)","TB(PPM)","DY(PPM)","HO(PPM)","ER(PPM)","TM(PPM)","YB(PPM)","LU(PPM)","HF(PPM)","TA(PPM)","W(PPM)","RE(PPM)","OS(PPM)","IR(PPM)","PT(PPM)","AU(PPM)","HG(PPM)","TL(PPM)","PB(PPM)","BI(PPM)","TH(PPM)","U(PPM)","ND143_ND144","ND143_ND144_INI","EPSILON_ND","SR87_SR86","SR87_SR86_INI","PB206_PB204","PB206_PB204_INI","PB207_PB204","PB207_PB204_INI","PB208_PB204","PB208_PB204_INI","OS184_OS188","OS186_OS188","OS187_OS186","OS187_OS188","RE187_OS186","RE187_OS188","HF176_HF177","HE3_HE4","HE3_HE4(R/R(A))","HE4_HE3","HE4_HE3(R/R(A))","K40_AR40","AR40_K40","UNIQUE_ID","[13654]","ARCHEAN CRATON (INCLUDING GREENSTONE BELTS)","RAE CRATON_ARCHEAN / KARRAT GROUP / NUKAVSAK FORMATION","NUUSSUAQ PENINSULA/DISKO (QEGERTARSSUAQ), WEST GREENLAND","71.2497196","71.2497196","-51.7524078","-51.7524078","SAE","","","s_177375 [13654]","NOT GIVEN [13654]","","","","PROTEROZOIC [13654]","","","","","PLU","","","","","WR [13654] ","59.9625000000462","0.793100000051541","","15.9436999999571","","0.737800000069592","6.64","","1.32740000002809","5.13969999992273","0.056500000024563","","3.63263000001791","3.46","0.100229999945163","","","","","","","","","","","","","","","","1.639","","","","","","","","","","","","","","","","","","","","","","","","","","","","23.2","","139.7","195","","","33.3","85.6999999999999","91.2","155.7","24","","","","","120.6","86.8","23.2","132.9","10.6","","","","","","","","","","","","6.2","495.4","29.7","56","","23","4.03","0.9","","0.5","","","","","1.71","0.24","2.8","0.8","","","","","","","","","37.8","","11.9","2.5","","","","","","17.402","","15.495","","37.007","","","","","","","","","","","","","","","691516","[13654]","ARCHEAN CRATON (INCLUDING GREENSTONE BELTS)","RAE CRATON_ARCHEAN / KARRAT GROUP / NUKAVSAK FORMATION","NUUSSUAQ PENINSULA/DISKO (QEGERTARSSUAQ), WEST GREENLAND","71.2497196","71.2497196","-51.7524078","-51.7524078","SAE","","","s_177378 [13654]","NOT GIVEN [13654]","","","","PROTEROZOIC [13654]","","","","","PLU","","","","","WR [13654] ","71.578200000005","0.595199999996238","","10.9633000000455","","0.538600000067158","4.77","","5.07249999995212","3.52640000001554","0.102999999975075","","1.10746000000775","0.46","0.095129999894664","","","","","","","","","","","","","","","","0.9909","","","","","","","","","","","","","","","","","","","","","","","","","","","","15","","109.1","216.9","","","48.6","53.6","11.5","123.9","17.2","","","","","88.8","93.2","21","169.3","10.5","","","","","","","","","","","","5.99999999999999","392.1","21.1","42","","19","3.41","0.78","","0.5","","","","","2.12","0.31","3.8","0.6","","","","","","","","","17.9","","7.9","1.2","","","","","","18.138","","15.577","","37.766","","","","","","","","","","","","","","","691517","[13654]","ARCHEAN CRATON (INCLUDING GREENSTONE BELTS)","RAE CRATON_ARCHEAN / KARRAT GROUP / NUKAVSAK FORMATION","NUUSSUAQ PENINSULA/DISKO (QEGERTARSSUAQ), WEST GREENLAND","71.2497196","71.2497196","-51.7524078","-51.7524078","SAE","","","s_177379 [13654]","NOT GIVEN [13654]","","","","PROTEROZOIC [13654]","","","","","PLU","","","","","WR [13654] ","72.7244999999022","0.535400000077215","","11.1075999999516","","0.523299999964909","3.55","","4.78530000002076","2.95980000004065","0.084800000013327","","1.73383999997674","0.34","0.086470000011993","","","","","","","","","","","","","","","","1.3851","","","","","","","","","","","","","","","","","","","","","","","","","","","","15","","108","177","","","40","54","14","94","17","","","","","83.9999999999999","123","18","135","7.9","","","","","","","","","","","","4.7","366","19.2","39","","16","3.03","0.72","","0.5","","","","","1.67","0.23","3.1","0.5","","","","","","","","","14","","7","1.1","","","","","","18.925","","15.714","","38.432","","","","","","","","","","","","","","","691518",
Abbreviations: MET: METAMORPHIC ROCK; PEG: PEGMATITE; PER: MANTLE XENOLITH; PLU: PLUTONIC ROCK; SED: SEDIMENTARY ROCK; VOL: VOLCANIC ROCK; VEIN: VEIN; ORE: ORE; WR: WHOLE ROCK; GL: VOLCANIC GLASS; MIN: MINERAL / COMPONENT (INCL. GROUNDMASS); INC: INCLUSION; LEACH: LEACH; SAE: SUBAERIAL; SAQ: SUBAQUATIC; F: FRESH; E: EXTENSIVELY ALTERED; M: MODERATELY ALTERED; S: SLIGHTLY ALTERED; T: ALMOST TOTALLY ALTERED; 

References:


"[13654] LARSEN L. M., PEDERSEN A. K.:    PETROLOGY OF THE PALEOCENE PICRITES AND FLOOD BASALTS ON DISKO AND NUUSSUAQ, WEST GREENLAND  J. PETROL. 50   [2009] 1667-1711    GeoReM-id: 5015   doi: 10.1093/petrology/egp048"
